group1,group2,meandiff,p-adj,lower,upper,reject,dbname
A,B,-0.0,0.1587,-0.0,0.0,False,sp|A0AVT1|UBA6_HUMAN
A,K,-0.0,0.0005,-0.0001,-0.0,True,sp|A0AVT1|UBA6_HUMAN
B,K,-0.0,0.0688,-0.0,0.0,False,sp|A0AVT1|UBA6_HUMAN
A,B,-0.0,0.1186,-0.0,0.0,False,sp|A6NFA0|S31F3_HUMAN
A,K,-0.0,0.0008,-0.0,-0.0,True,sp|A6NFA0|S31F3_HUMAN
B,K,-0.0,0.061,-0.0,0.0,False,sp|A6NFA0|S31F3_HUMAN
A,B,-0.0,0.0002,-0.0001,-0.0,True,sp|O00186|STXB3_HUMAN
A,K,-0.0,0.0003,-0.0001,-0.0,True,sp|O00186|STXB3_HUMAN
B,K,0.0,0.9858,-0.0,0.0,False,sp|O00186|STXB3_HUMAN
A,B,-0.0001,0.0101,-0.0002,-0.0,True,sp|O00264|PGRC1_HUMAN
A,K,0.0001,0.3258,-0.0,0.0002,False,sp|O00264|PGRC1_HUMAN
B,K,0.0002,0.0001,0.0001,0.0003,True,sp|O00264|PGRC1_HUMAN
A,B,0.0,0.0135,0.0,0.0,True,sp|O00400|ACATN_HUMAN
A,K,-0.0,0.4119,-0.0,0.0,False,sp|O00400|ACATN_HUMAN
B,K,-0.0,0.0007,-0.0,-0.0,True,sp|O00400|ACATN_HUMAN
A,B,-0.0001,0.0,-0.0001,-0.0001,True,sp|O00469|PLOD2_HUMAN
A,K,-0.0001,0.0,-0.0001,-0.0,True,sp|O00469|PLOD2_HUMAN
B,K,0.0,0.7451,-0.0,0.0,False,sp|O00469|PLOD2_HUMAN
A,B,-0.0,0.0807,-0.0001,0.0,False,sp|O00629|IMA3_HUMAN
A,K,0.0,0.0186,0.0,0.0001,True,sp|O00629|IMA3_HUMAN
B,K,0.0001,0.0,0.0,0.0001,True,sp|O00629|IMA3_HUMAN
A,B,-0.0001,0.0003,-0.0001,-0.0,True,sp|O14494|PLPP1_HUMAN
A,K,-0.0,0.0031,-0.0001,-0.0,True,sp|O14494|PLPP1_HUMAN
B,K,0.0,0.7622,-0.0,0.0,False,sp|O14494|PLPP1_HUMAN
A,B,0.0,0.0001,0.0,0.0001,True,sp|O14556|G3PT_HUMAN
A,K,0.0,0.9702,-0.0,0.0,False,sp|O14556|G3PT_HUMAN
B,K,-0.0,0.0001,-0.0001,-0.0,True,sp|O14556|G3PT_HUMAN
A,B,0.0,0.2518,-0.0,0.0001,False,sp|O14907|TX1B3_HUMAN
A,K,-0.0,0.112,-0.0001,0.0,False,sp|O14907|TX1B3_HUMAN
B,K,-0.0001,0.0019,-0.0001,-0.0,True,sp|O14907|TX1B3_HUMAN
A,B,0.0,0.0016,0.0,0.0001,True,sp|O15067|PUR4_HUMAN
A,K,-0.0,0.9766,-0.0,0.0,False,sp|O15067|PUR4_HUMAN
B,K,-0.0,0.0009,-0.0001,-0.0,True,sp|O15067|PUR4_HUMAN
A,B,0.0001,0.002,0.0,0.0001,True,sp|O15155|BET1_HUMAN
A,K,0.0,0.6305,-0.0,0.0001,False,sp|O15155|BET1_HUMAN
B,K,-0.0001,0.0219,-0.0001,-0.0,True,sp|O15155|BET1_HUMAN
A,B,-0.0001,0.003,-0.0001,-0.0,True,sp|O15162|PLS1_HUMAN
A,K,-0.0001,0.0019,-0.0001,-0.0,True,sp|O15162|PLS1_HUMAN
B,K,-0.0,0.9882,-0.0,0.0,False,sp|O15162|PLS1_HUMAN
A,B,0.0001,0.0015,0.0,0.0001,True,sp|O15355|PPM1G_HUMAN
A,K,0.0,0.8526,-0.0,0.0001,False,sp|O15355|PPM1G_HUMAN
B,K,-0.0001,0.0069,-0.0001,-0.0,True,sp|O15355|PPM1G_HUMAN
A,B,-0.0,0.0,-0.0,-0.0,True,sp|O43292|GPAA1_HUMAN
A,K,-0.0,0.0135,-0.0,-0.0,True,sp|O43292|GPAA1_HUMAN
B,K,0.0,0.2807,-0.0,0.0,False,sp|O43292|GPAA1_HUMAN
A,B,0.0,0.705,-0.0,0.0,False,sp|O60716|CTND1_HUMAN
A,K,-0.0,0.001,-0.0001,-0.0,True,sp|O60716|CTND1_HUMAN
B,K,-0.0,0.0001,-0.0001,-0.0,True,sp|O60716|CTND1_HUMAN
A,B,0.0001,0.1811,-0.0,0.0002,False,sp|O75347|TBCA_HUMAN
A,K,0.0002,0.0008,0.0001,0.0003,True,sp|O75347|TBCA_HUMAN
B,K,0.0001,0.0867,-0.0,0.0002,False,sp|O75347|TBCA_HUMAN
A,B,-0.0001,0.0,-0.0001,-0.0,True,sp|O75487|GPC4_HUMAN
A,K,-0.0,0.0035,-0.0001,-0.0,True,sp|O75487|GPC4_HUMAN
B,K,0.0,0.0404,0.0,0.0,True,sp|O75487|GPC4_HUMAN
A,B,-0.0001,0.0002,-0.0001,-0.0,True,sp|O75525|KHDR3_HUMAN
A,K,-0.0,0.0203,-0.0001,-0.0,True,sp|O75525|KHDR3_HUMAN
B,K,0.0,0.0427,0.0,0.0001,True,sp|O75525|KHDR3_HUMAN
A,B,0.0001,0.0209,0.0,0.0001,True,sp|O75534|CSDE1_HUMAN
A,K,0.0001,0.0006,0.0,0.0001,True,sp|O75534|CSDE1_HUMAN
B,K,0.0,0.418,-0.0,0.0001,False,sp|O75534|CSDE1_HUMAN
A,B,0.0,0.6783,-0.0,0.0,False,sp|O75608|LYPA1_HUMAN
A,K,0.0,0.001,0.0,0.0001,True,sp|O75608|LYPA1_HUMAN
B,K,0.0,0.0051,0.0,0.0001,True,sp|O75608|LYPA1_HUMAN
A,B,0.0,0.0201,0.0,0.0,True,sp|O75691|UTP20_HUMAN
A,K,-0.0,0.6004,-0.0,0.0,False,sp|O75691|UTP20_HUMAN
B,K,-0.0,0.0024,-0.0,-0.0,True,sp|O75691|UTP20_HUMAN
A,B,-0.0,0.0016,-0.0001,-0.0,True,sp|O75695|XRP2_HUMAN
A,K,-0.0,0.7941,-0.0,0.0,False,sp|O75695|XRP2_HUMAN
B,K,0.0,0.008,0.0,0.0001,True,sp|O75695|XRP2_HUMAN
A,B,-0.0,0.5388,-0.0,0.0,False,sp|O94911|ABCA8_HUMAN
A,K,0.0,0.0002,0.0,0.0001,True,sp|O94911|ABCA8_HUMAN
B,K,0.0,0.0001,0.0,0.0001,True,sp|O94911|ABCA8_HUMAN
A,B,-0.0001,0.0002,-0.0001,-0.0,True,sp|O95084|PRS23_HUMAN
A,K,-0.0001,0.025,-0.0001,-0.0,True,sp|O95084|PRS23_HUMAN
B,K,0.0,0.3707,-0.0,0.0001,False,sp|O95084|PRS23_HUMAN
A,B,0.0,0.84,-0.0001,0.0001,False,sp|O95167|NDUA3_HUMAN
A,K,-0.0001,0.006,-0.0002,-0.0,True,sp|O95167|NDUA3_HUMAN
B,K,-0.0001,0.0015,-0.0002,-0.0,True,sp|O95167|NDUA3_HUMAN
A,B,0.0,0.746,-0.0,0.0001,False,sp|O95169|NDUB8_HUMAN
A,K,-0.0001,0.0101,-0.0001,-0.0,True,sp|O95169|NDUB8_HUMAN
B,K,-0.0001,0.0013,-0.0001,-0.0,True,sp|O95169|NDUB8_HUMAN
A,B,-0.0,0.3849,-0.0001,0.0,False,sp|O95249|GOSR1_HUMAN
A,K,0.0,0.0389,0.0,0.0001,True,sp|O95249|GOSR1_HUMAN
B,K,0.0001,0.0014,0.0,0.0001,True,sp|O95249|GOSR1_HUMAN
A,B,-0.0,0.0001,-0.0001,-0.0,True,sp|O95319|CELF2_HUMAN
A,K,-0.0,0.0241,-0.0,-0.0,True,sp|O95319|CELF2_HUMAN
B,K,0.0,0.0085,0.0,0.0,True,sp|O95319|CELF2_HUMAN
A,B,-0.0,0.0474,-0.0,-0.0,True,sp|O95456|PSMG1_HUMAN
A,K,0.0,0.1059,-0.0,0.0,False,sp|O95456|PSMG1_HUMAN
B,K,0.0,0.0001,0.0,0.0001,True,sp|O95456|PSMG1_HUMAN
A,B,0.0,0.0055,0.0,0.0,True,sp|O95478|NSA2_HUMAN
A,K,0.0,0.9923,-0.0,0.0,False,sp|O95478|NSA2_HUMAN
B,K,-0.0,0.0007,-0.0,-0.0,True,sp|O95478|NSA2_HUMAN
A,B,-0.0001,0.0014,-0.0002,-0.0,True,sp|O95571|ETHE1_HUMAN
A,K,-0.0,0.1413,-0.0001,0.0,False,sp|O95571|ETHE1_HUMAN
B,K,0.0,0.1657,-0.0,0.0001,False,sp|O95571|ETHE1_HUMAN
A,B,0.0,0.0,0.0,0.0,True,sp|O95661|DIRA3_HUMAN
A,K,0.0,0.8794,-0.0,0.0,False,sp|O95661|DIRA3_HUMAN
B,K,-0.0,0.0,-0.0,-0.0,True,sp|O95661|DIRA3_HUMAN
A,B,0.0001,0.0021,0.0,0.0001,True,sp|O95721|SNP29_HUMAN
A,K,0.0,0.4427,-0.0,0.0001,False,sp|O95721|SNP29_HUMAN
B,K,-0.0,0.0499,-0.0001,-0.0,True,sp|O95721|SNP29_HUMAN
A,B,-0.0001,0.2095,-0.0001,0.0,False,sp|P00167|CYB5_HUMAN
A,K,0.0001,0.0599,-0.0,0.0002,False,sp|P00167|CYB5_HUMAN
B,K,0.0001,0.0006,0.0001,0.0002,True,sp|P00167|CYB5_HUMAN
A,B,0.0004,0.0001,0.0002,0.0005,True,sp|P00966|ASSY_HUMAN
A,K,0.0,0.9713,-0.0001,0.0002,False,sp|P00966|ASSY_HUMAN
B,K,-0.0004,0.0002,-0.0005,-0.0002,True,sp|P00966|ASSY_HUMAN
A,B,-0.0001,0.0008,-0.0002,-0.0001,True,sp|P01889|HLAB_HUMAN
A,K,-0.0002,0.0,-0.0003,-0.0001,True,sp|P01889|HLAB_HUMAN
B,K,-0.0,0.4642,-0.0001,0.0,False,sp|P01889|HLAB_HUMAN
A,B,-0.0002,0.0009,-0.0003,-0.0001,True,sp|P02545|LMNA_HUMAN
A,K,-0.0001,0.3969,-0.0002,0.0,False,sp|P02545|LMNA_HUMAN
B,K,0.0001,0.0319,0.0,0.0002,True,sp|P02545|LMNA_HUMAN
A,B,-0.0,0.9605,-0.0001,0.0,False,sp|P02792|FRIL_HUMAN
A,K,0.0001,0.004,0.0,0.0001,True,sp|P02792|FRIL_HUMAN
B,K,0.0001,0.0007,0.0,0.0001,True,sp|P02792|FRIL_HUMAN
A,B,-0.0001,0.0012,-0.0001,-0.0,True,sp|P03956|MMP1_HUMAN
A,K,-0.0,0.0587,-0.0001,0.0,False,sp|P03956|MMP1_HUMAN
B,K,0.0,0.112,-0.0,0.0001,False,sp|P03956|MMP1_HUMAN
A,B,-0.0,0.0067,-0.0,-0.0,True,sp|P04004|VTNC_HUMAN
A,K,-0.0,0.0,-0.0,-0.0,True,sp|P04004|VTNC_HUMAN
B,K,-0.0,0.0815,-0.0,0.0,False,sp|P04004|VTNC_HUMAN
A,B,-0.0001,0.0002,-0.0002,-0.0001,True,sp|P04062|GBA1_HUMAN
A,K,-0.0001,0.0758,-0.0001,0.0,False,sp|P04062|GBA1_HUMAN
B,K,0.0001,0.0735,-0.0,0.0001,False,sp|P04062|GBA1_HUMAN
A,B,0.0001,0.452,-0.0001,0.0002,False,sp|P04271|S100B_HUMAN
A,K,-0.0001,0.0079,-0.0002,-0.0,True,sp|P04271|S100B_HUMAN
B,K,-0.0002,0.0005,-0.0003,-0.0001,True,sp|P04271|S100B_HUMAN
A,B,0.0003,0.0026,0.0002,0.0005,True,sp|P04350|TBB4A_HUMAN
A,K,0.0004,0.0012,0.0002,0.0006,True,sp|P04350|TBB4A_HUMAN
B,K,0.0001,0.653,-0.0001,0.0002,False,sp|P04350|TBB4A_HUMAN
A,B,0.0008,0.0009,0.0003,0.0013,True,sp|P04406|G3P_HUMAN
A,K,0.0003,0.3292,-0.0002,0.0008,False,sp|P04406|G3P_HUMAN
B,K,-0.0005,0.0425,-0.001,-0.0,True,sp|P04406|G3P_HUMAN
A,B,-0.0001,0.0,-0.0001,-0.0001,True,sp|P04844|RPN2_HUMAN
A,K,-0.0,0.0447,-0.0001,-0.0,True,sp|P04844|RPN2_HUMAN
B,K,0.0001,0.0195,0.0,0.0001,True,sp|P04844|RPN2_HUMAN
A,B,-0.0,0.0005,-0.0,-0.0,True,sp|P04921|GLPC_HUMAN
A,K,-0.0,0.0029,-0.0,-0.0,True,sp|P04921|GLPC_HUMAN
B,K,0.0,0.2016,-0.0,0.0,False,sp|P04921|GLPC_HUMAN
A,B,-0.0002,0.1141,-0.0004,0.0,False,sp|P05161|ISG15_HUMAN
A,K,-0.0005,0.0,-0.0007,-0.0003,True,sp|P05161|ISG15_HUMAN
B,K,-0.0003,0.0112,-0.0005,-0.0001,True,sp|P05161|ISG15_HUMAN
A,B,-0.0001,0.0018,-0.0001,-0.0,True,sp|P05362|ICAM1_HUMAN
A,K,-0.0,0.2269,-0.0001,0.0,False,sp|P05362|ICAM1_HUMAN
B,K,0.0,0.1196,-0.0,0.0001,False,sp|P05362|ICAM1_HUMAN
A,B,0.0,0.2055,-0.0,0.0001,False,sp|P05413|FABPH_HUMAN
A,K,0.0001,0.0,0.0001,0.0002,True,sp|P05413|FABPH_HUMAN
B,K,0.0001,0.0,0.0001,0.0002,True,sp|P05413|FABPH_HUMAN
A,B,-0.0,0.0013,-0.0001,-0.0,True,sp|P05997|CO5A2_HUMAN
A,K,-0.0,0.0366,-0.0001,-0.0,True,sp|P05997|CO5A2_HUMAN
B,K,0.0,0.4436,-0.0,0.0,False,sp|P05997|CO5A2_HUMAN
A,B,0.0001,0.0006,0.0,0.0002,True,sp|P06753|TPM3_HUMAN
A,K,0.0001,0.0033,0.0,0.0002,True,sp|P06753|TPM3_HUMAN
B,K,-0.0,0.8231,-0.0001,0.0001,False,sp|P06753|TPM3_HUMAN
A,B,-0.0003,0.0,-0.0004,-0.0002,True,sp|P07237|PDIA1_HUMAN
A,K,0.0,0.6277,-0.0001,0.0002,False,sp|P07237|PDIA1_HUMAN
B,K,0.0003,0.0,0.0002,0.0005,True,sp|P07237|PDIA1_HUMAN
A,B,0.0,0.2517,-0.0,0.0001,False,sp|P07305|H10_HUMAN
A,K,-0.0,0.0627,-0.0001,0.0,False,sp|P07305|H10_HUMAN
B,K,-0.0001,0.0009,-0.0001,-0.0,True,sp|P07305|H10_HUMAN
A,B,-0.0001,0.0163,-0.0002,-0.0,True,sp|P07339|CATD_HUMAN
A,K,0.0,0.7511,-0.0001,0.0001,False,sp|P07339|CATD_HUMAN
B,K,0.0001,0.0023,0.0,0.0003,True,sp|P07339|CATD_HUMAN
A,B,0.0001,0.0734,-0.0,0.0001,False,sp|P08133|ANXA6_HUMAN
A,K,-0.0,0.2466,-0.0001,0.0,False,sp|P08133|ANXA6_HUMAN
B,K,-0.0001,0.001,-0.0002,-0.0,True,sp|P08133|ANXA6_HUMAN
A,B,0.0002,0.0002,0.0001,0.0003,True,sp|P08708|RS17_HUMAN
A,K,0.0001,0.0116,0.0,0.0002,True,sp|P08708|RS17_HUMAN
B,K,-0.0001,0.331,-0.0002,0.0,False,sp|P08708|RS17_HUMAN
A,B,-0.0001,0.0178,-0.0002,-0.0,True,sp|P08727|K1C19_HUMAN
A,K,-0.0002,0.0003,-0.0002,-0.0001,True,sp|P08727|K1C19_HUMAN
B,K,-0.0001,0.0313,-0.0001,-0.0,True,sp|P08727|K1C19_HUMAN
A,B,-0.0,0.9998,-0.0,0.0,False,sp|P09038|FGF2_HUMAN
A,K,0.0,0.0004,0.0,0.0,True,sp|P09038|FGF2_HUMAN
B,K,0.0,0.0033,0.0,0.0001,True,sp|P09038|FGF2_HUMAN
A,B,-0.0001,0.0037,-0.0002,-0.0,True,sp|P09543|CN37_HUMAN
A,K,-0.0002,0.0,-0.0003,-0.0001,True,sp|P09543|CN37_HUMAN
B,K,-0.0001,0.2932,-0.0001,0.0,False,sp|P09543|CN37_HUMAN
A,B,-0.0001,0.0422,-0.0002,-0.0,True,sp|P10321|HLAC_HUMAN
A,K,-0.0002,0.0024,-0.0003,-0.0001,True,sp|P10321|HLAC_HUMAN
B,K,-0.0001,0.565,-0.0002,0.0001,False,sp|P10321|HLAC_HUMAN
A,B,-0.0003,0.0003,-0.0005,-0.0001,True,sp|P11021|BIP_HUMAN
A,K,-0.0,0.9794,-0.0002,0.0002,False,sp|P11021|BIP_HUMAN
B,K,0.0003,0.0005,0.0001,0.0005,True,sp|P11021|BIP_HUMAN
A,B,-0.0,0.001,-0.0001,-0.0,True,sp|P11279|LAMP1_HUMAN
A,K,-0.0,0.7753,-0.0,0.0,False,sp|P11279|LAMP1_HUMAN
B,K,0.0,0.007,0.0,0.0001,True,sp|P11279|LAMP1_HUMAN
A,B,-0.0,0.5163,-0.0001,0.0,False,sp|P11908|PRPS2_HUMAN
A,K,0.0,0.0288,0.0,0.0001,True,sp|P11908|PRPS2_HUMAN
B,K,0.0001,0.0014,0.0,0.0001,True,sp|P11908|PRPS2_HUMAN
A,B,-0.0002,0.0016,-0.0003,-0.0001,True,sp|P12236|ADT3_HUMAN
A,K,-0.0,0.9085,-0.0001,0.0001,False,sp|P12236|ADT3_HUMAN
B,K,0.0001,0.0053,0.0,0.0002,True,sp|P12236|ADT3_HUMAN
A,B,0.0,0.6712,-0.0001,0.0001,False,sp|P12277|KCRB_HUMAN
A,K,-0.0001,0.0054,-0.0002,-0.0,True,sp|P12277|KCRB_HUMAN
B,K,-0.0001,0.0008,-0.0002,-0.0001,True,sp|P12277|KCRB_HUMAN
A,B,0.0,0.2142,-0.0,0.0,False,sp|P12524|MYCL_HUMAN
A,K,0.0,0.0011,0.0,0.0,True,sp|P12524|MYCL_HUMAN
B,K,0.0,0.0477,0.0,0.0,True,sp|P12524|MYCL_HUMAN
A,B,-0.0002,0.0116,-0.0004,-0.0,True,sp|P13164|IFM1_HUMAN
A,K,-0.0002,0.0026,-0.0004,-0.0001,True,sp|P13164|IFM1_HUMAN
B,K,-0.0,0.9674,-0.0002,0.0001,False,sp|P13164|IFM1_HUMAN
A,B,-0.0001,0.01,-0.0001,-0.0,True,sp|P13473|LAMP2_HUMAN
A,K,0.0,0.6504,-0.0,0.0001,False,sp|P13473|LAMP2_HUMAN
B,K,0.0001,0.0008,0.0,0.0001,True,sp|P13473|LAMP2_HUMAN
A,B,-0.0,0.7284,-0.0001,0.0,False,sp|P13995|MTDC_HUMAN
A,K,0.0,0.0208,0.0,0.0001,True,sp|P13995|MTDC_HUMAN
B,K,0.0001,0.0027,0.0,0.0001,True,sp|P13995|MTDC_HUMAN
A,B,-0.0001,0.0026,-0.0001,-0.0,True,sp|P15502|ELN_HUMAN
A,K,-0.0,0.335,-0.0001,0.0,False,sp|P15502|ELN_HUMAN
B,K,0.0001,0.0495,0.0,0.0001,True,sp|P15502|ELN_HUMAN
A,B,0.0,0.806,-0.0,0.0001,False,sp|P16989|YBOX3_HUMAN
A,K,0.0001,0.0001,0.0,0.0001,True,sp|P16989|YBOX3_HUMAN
B,K,0.0001,0.0009,0.0,0.0001,True,sp|P16989|YBOX3_HUMAN
A,B,-0.0,0.935,-0.0,0.0,False,sp|P19320|VCAM1_HUMAN
A,K,0.0,0.0018,0.0,0.0001,True,sp|P19320|VCAM1_HUMAN
B,K,0.0,0.0059,0.0,0.0001,True,sp|P19320|VCAM1_HUMAN
A,B,-0.0001,0.0025,-0.0001,-0.0,True,sp|P19525|E2AK2_HUMAN
A,K,-0.0001,0.0,-0.0002,-0.0001,True,sp|P19525|E2AK2_HUMAN
B,K,-0.0,0.1833,-0.0001,0.0,False,sp|P19525|E2AK2_HUMAN
A,B,0.0,0.3311,-0.0,0.0001,False,sp|P20933|ASPG_HUMAN
A,K,0.0001,0.0023,0.0,0.0001,True,sp|P20933|ASPG_HUMAN
B,K,0.0001,0.0016,0.0,0.0001,True,sp|P20933|ASPG_HUMAN
A,B,0.0,0.7165,-0.0,0.0001,False,sp|P21108|PRPS3_HUMAN
A,K,0.0001,0.0036,0.0,0.0001,True,sp|P21108|PRPS3_HUMAN
B,K,0.0001,0.0092,0.0,0.0001,True,sp|P21108|PRPS3_HUMAN
A,B,0.0,0.4403,-0.0,0.0,False,sp|P21127|CD11B_HUMAN
A,K,-0.0,0.0208,-0.0001,-0.0,True,sp|P21127|CD11B_HUMAN
B,K,-0.0,0.0008,-0.0001,-0.0,True,sp|P21127|CD11B_HUMAN
A,B,0.0,0.0649,-0.0,0.0001,False,sp|P23193|TCEA1_HUMAN
A,K,-0.0,0.0205,-0.0001,-0.0,True,sp|P23193|TCEA1_HUMAN
B,K,-0.0001,0.0,-0.0001,-0.0,True,sp|P23193|TCEA1_HUMAN
A,B,-0.0002,0.0193,-0.0005,-0.0,True,sp|P23381|SYWC_HUMAN
A,K,-0.0004,0.0003,-0.0006,-0.0002,True,sp|P23381|SYWC_HUMAN
B,K,-0.0001,0.303,-0.0003,0.0001,False,sp|P23381|SYWC_HUMAN
A,B,-0.0,0.0487,-0.0,-0.0,True,sp|P23497|SP100_HUMAN
A,K,-0.0001,0.0,-0.0001,-0.0,True,sp|P23497|SP100_HUMAN
B,K,-0.0,0.0003,-0.0001,-0.0,True,sp|P23497|SP100_HUMAN
A,B,-0.0,0.0,-0.0,-0.0,True,sp|P24310|CX7A1_HUMAN
A,K,-0.0,0.0001,-0.0,-0.0,True,sp|P24310|CX7A1_HUMAN
B,K,0.0,0.0688,-0.0,0.0,False,sp|P24310|CX7A1_HUMAN
A,B,-0.0,0.0364,-0.0001,-0.0,True,sp|P24821|TENA_HUMAN
A,K,-0.0001,0.0,-0.0002,-0.0001,True,sp|P24821|TENA_HUMAN
B,K,-0.0001,0.0,-0.0001,-0.0,True,sp|P24821|TENA_HUMAN
A,B,-0.0,0.75,-0.0001,0.0,False,sp|P25445|TNR6_HUMAN
A,K,-0.0001,0.0006,-0.0002,-0.0,True,sp|P25445|TNR6_HUMAN
B,K,-0.0001,0.0101,-0.0002,-0.0,True,sp|P25445|TNR6_HUMAN
A,B,-0.0,0.7362,-0.0,0.0,False,sp|P26012|ITB8_HUMAN
A,K,0.0,0.0,0.0,0.0,True,sp|P26012|ITB8_HUMAN
B,K,0.0,0.0,0.0,0.0,True,sp|P26012|ITB8_HUMAN
A,B,0.0001,0.0033,0.0,0.0002,True,sp|P26373|RL13_HUMAN
A,K,-0.0,0.3196,-0.0001,0.0,False,sp|P26373|RL13_HUMAN
B,K,-0.0001,0.0,-0.0002,-0.0001,True,sp|P26373|RL13_HUMAN
A,B,0.0,0.0058,0.0,0.0,True,sp|P27658|CO8A1_HUMAN
A,K,-0.0,0.792,-0.0,0.0,False,sp|P27658|CO8A1_HUMAN
B,K,-0.0,0.0014,-0.0,-0.0,True,sp|P27658|CO8A1_HUMAN
A,B,-0.0,0.0181,-0.0001,-0.0,True,sp|P28799|GRN_HUMAN
A,K,0.0,0.5872,-0.0,0.0001,False,sp|P28799|GRN_HUMAN
B,K,0.0001,0.0012,0.0,0.0001,True,sp|P28799|GRN_HUMAN
A,B,-0.0,0.5967,-0.0002,0.0001,False,sp|P28838|AMPL_HUMAN
A,K,-0.0002,0.0003,-0.0003,-0.0001,True,sp|P28838|AMPL_HUMAN
B,K,-0.0002,0.0055,-0.0003,-0.0,True,sp|P28838|AMPL_HUMAN
A,B,-0.0,0.6358,-0.0,0.0,False,sp|P30559|OXYR_HUMAN
A,K,0.0,0.0025,0.0,0.0,True,sp|P30559|OXYR_HUMAN
B,K,0.0,0.002,0.0,0.0,True,sp|P30559|OXYR_HUMAN
A,B,-0.0,0.8487,-0.0,0.0,False,sp|P31323|KAP3_HUMAN
A,K,-0.0001,0.0017,-0.0001,-0.0,True,sp|P31323|KAP3_HUMAN
B,K,-0.0001,0.004,-0.0001,-0.0,True,sp|P31323|KAP3_HUMAN
A,B,0.0,0.005,0.0,0.0001,True,sp|P31483|TIA1_HUMAN
A,K,-0.0,0.9212,-0.0,0.0,False,sp|P31483|TIA1_HUMAN
B,K,-0.0,0.0024,-0.0001,-0.0,True,sp|P31483|TIA1_HUMAN
A,B,-0.0003,0.0001,-0.0004,-0.0002,True,sp|P32929|CGL_HUMAN
A,K,-0.0001,0.139,-0.0001,0.0,False,sp|P32929|CGL_HUMAN
B,K,0.0002,0.0006,0.0001,0.0003,True,sp|P32929|CGL_HUMAN
A,B,-0.0001,0.0004,-0.0002,-0.0,True,sp|P35232|PHB1_HUMAN
A,K,-0.0,0.8414,-0.0001,0.0,False,sp|P35232|PHB1_HUMAN
B,K,0.0001,0.0022,0.0,0.0001,True,sp|P35232|PHB1_HUMAN
A,B,-0.0001,0.001,-0.0002,-0.0001,True,sp|P35268|RL22_HUMAN
A,K,-0.0002,0.0003,-0.0003,-0.0001,True,sp|P35268|RL22_HUMAN
B,K,-0.0,0.9135,-0.0001,0.0001,False,sp|P35268|RL22_HUMAN
A,B,-0.0,0.8468,-0.0,0.0,False,sp|P36021|MOT8_HUMAN
A,K,0.0,0.0023,0.0,0.0,True,sp|P36021|MOT8_HUMAN
B,K,0.0,0.0009,0.0,0.0,True,sp|P36021|MOT8_HUMAN
A,B,-0.0001,0.0126,-0.0002,-0.0,True,sp|P38117|ETFB_HUMAN
A,K,0.0001,0.3747,-0.0,0.0002,False,sp|P38117|ETFB_HUMAN
B,K,0.0002,0.0003,0.0001,0.0003,True,sp|P38117|ETFB_HUMAN
A,B,0.0001,0.0712,-0.0,0.0001,False,sp|P39023|RL3_HUMAN
A,K,-0.0,0.3,-0.0001,0.0,False,sp|P39023|RL3_HUMAN
B,K,-0.0001,0.0014,-0.0002,-0.0,True,sp|P39023|RL3_HUMAN
A,B,-0.0,0.0046,-0.0,-0.0,True,sp|P39059|COFA1_HUMAN
A,K,-0.0,0.0002,-0.0,-0.0,True,sp|P39059|COFA1_HUMAN
B,K,-0.0,0.4405,-0.0,0.0,False,sp|P39059|COFA1_HUMAN
A,B,0.0001,0.0031,0.0,0.0001,True,sp|P40424|PBX1_HUMAN
A,K,-0.0,0.7493,-0.0,0.0,False,sp|P40424|PBX1_HUMAN
B,K,-0.0001,0.0012,-0.0001,-0.0,True,sp|P40424|PBX1_HUMAN
A,B,0.0001,0.0058,0.0,0.0001,True,sp|P42166|LAP2A_HUMAN
A,K,-0.0,0.9218,-0.0,0.0,False,sp|P42166|LAP2A_HUMAN
B,K,-0.0001,0.001,-0.0001,-0.0,True,sp|P42166|LAP2A_HUMAN
A,B,0.0002,0.0197,0.0,0.0004,True,sp|P42677|RS27_HUMAN
A,K,0.0003,0.0025,0.0001,0.0005,True,sp|P42677|RS27_HUMAN
B,K,0.0001,0.7269,-0.0001,0.0002,False,sp|P42677|RS27_HUMAN
A,B,0.0,0.014,0.0,0.0001,True,sp|P46109|CRKL_HUMAN
A,K,-0.0,0.1353,-0.0001,0.0,False,sp|P46109|CRKL_HUMAN
B,K,-0.0001,0.0,-0.0001,-0.0,True,sp|P46109|CRKL_HUMAN
A,B,0.0001,0.0118,0.0,0.0001,True,sp|P46778|RL21_HUMAN
A,K,-0.0001,0.0005,-0.0001,-0.0,True,sp|P46778|RL21_HUMAN
B,K,-0.0002,0.0,-0.0002,-0.0001,True,sp|P46778|RL21_HUMAN
A,B,-0.0001,0.0054,-0.0001,-0.0,True,sp|P49184|DNSL1_HUMAN
A,K,-0.0001,0.0036,-0.0001,-0.0,True,sp|P49184|DNSL1_HUMAN
B,K,-0.0,0.9601,-0.0,0.0,False,sp|P49184|DNSL1_HUMAN
A,B,0.0,0.0026,0.0,0.0001,True,sp|P49903|SPS1_HUMAN
A,K,0.0,0.5719,-0.0,0.0,False,sp|P49903|SPS1_HUMAN
B,K,-0.0,0.0381,-0.0001,-0.0,True,sp|P49903|SPS1_HUMAN
A,B,0.0001,0.0051,0.0,0.0001,True,sp|P50225|ST1A1_HUMAN
A,K,-0.0,0.9982,-0.0001,0.0001,False,sp|P50225|ST1A1_HUMAN
B,K,-0.0001,0.0047,-0.0001,-0.0,True,sp|P50225|ST1A1_HUMAN
A,B,-0.0,0.5526,-0.0001,0.0,False,sp|P50402|EMD_HUMAN
A,K,0.0001,0.0081,0.0,0.0001,True,sp|P50402|EMD_HUMAN
B,K,0.0001,0.0004,0.0,0.0001,True,sp|P50402|EMD_HUMAN
A,B,-0.0001,0.0007,-0.0002,-0.0,True,sp|P50897|PPT1_HUMAN
A,K,-0.0001,0.0397,-0.0001,-0.0,True,sp|P50897|PPT1_HUMAN
B,K,0.0,0.3042,-0.0,0.0001,False,sp|P50897|PPT1_HUMAN
A,B,0.0,0.7567,-0.0,0.0001,False,sp|P51571|SSRD_HUMAN
A,K,0.0001,0.0018,0.0,0.0001,True,sp|P51571|SSRD_HUMAN
B,K,0.0001,0.0132,0.0,0.0001,True,sp|P51571|SSRD_HUMAN
A,B,-0.0,0.0055,-0.0,-0.0,True,sp|P51784|UBP11_HUMAN
A,K,-0.0,0.0004,-0.0,-0.0,True,sp|P51784|UBP11_HUMAN
B,K,-0.0,0.6196,-0.0,0.0,False,sp|P51784|UBP11_HUMAN
A,B,0.0,0.2432,-0.0,0.0001,False,sp|P53618|COPB_HUMAN
A,K,-0.0,0.1003,-0.0001,0.0,False,sp|P53618|COPB_HUMAN
B,K,-0.0001,0.0016,-0.0001,-0.0,True,sp|P53618|COPB_HUMAN
A,B,0.0001,0.0166,0.0,0.0002,True,sp|P53999|TCP4_HUMAN
A,K,-0.0001,0.0092,-0.0002,-0.0,True,sp|P53999|TCP4_HUMAN
B,K,-0.0002,0.0,-0.0003,-0.0001,True,sp|P53999|TCP4_HUMAN
A,B,-0.0001,0.001,-0.0001,-0.0,True,sp|P54652|HSP72_HUMAN
A,K,0.0,0.8116,-0.0,0.0001,False,sp|P54652|HSP72_HUMAN
B,K,0.0001,0.0002,0.0,0.0002,True,sp|P54652|HSP72_HUMAN
A,B,-0.0001,0.0022,-0.0002,-0.0,True,sp|P55072|TERA_HUMAN
A,K,-0.0,0.9138,-0.0001,0.0001,False,sp|P55072|TERA_HUMAN
B,K,0.0001,0.0067,0.0,0.0002,True,sp|P55072|TERA_HUMAN
A,B,-0.0001,0.0007,-0.0001,-0.0,True,sp|P55265|DSRAD_HUMAN
A,K,-0.0001,0.0002,-0.0001,-0.0,True,sp|P55265|DSRAD_HUMAN
B,K,-0.0,0.8776,-0.0,0.0,False,sp|P55265|DSRAD_HUMAN
A,B,0.0,0.8816,-0.0,0.0001,False,sp|P55854|SUMO3_HUMAN
A,K,0.0001,0.0026,0.0,0.0001,True,sp|P55854|SUMO3_HUMAN
B,K,0.0001,0.0083,0.0,0.0001,True,sp|P55854|SUMO3_HUMAN
A,B,-0.0001,0.0028,-0.0002,-0.0,True,sp|P56378|ATP68_HUMAN
A,K,-0.0002,0.0001,-0.0003,-0.0001,True,sp|P56378|ATP68_HUMAN
B,K,-0.0,0.4308,-0.0001,0.0,False,sp|P56378|ATP68_HUMAN
A,B,0.0,0.0441,0.0,0.0001,True,sp|P56545|CTBP2_HUMAN
A,K,-0.0,0.3111,-0.0,0.0,False,sp|P56545|CTBP2_HUMAN
B,K,-0.0,0.0007,-0.0001,-0.0,True,sp|P56545|CTBP2_HUMAN
A,B,0.0001,0.0315,0.0,0.0002,True,sp|P60842|IF4A1_HUMAN
A,K,-0.0001,0.1834,-0.0002,0.0,False,sp|P60842|IF4A1_HUMAN
B,K,-0.0002,0.0002,-0.0003,-0.0001,True,sp|P60842|IF4A1_HUMAN
A,B,-0.0,0.7124,-0.0001,0.0,False,sp|P60891|PRPS1_HUMAN
A,K,0.0001,0.0165,0.0,0.0001,True,sp|P60891|PRPS1_HUMAN
B,K,0.0001,0.0024,0.0,0.0002,True,sp|P60891|PRPS1_HUMAN
A,B,0.0001,0.0892,-0.0,0.0001,False,sp|P60981|DEST_HUMAN
A,K,-0.0001,0.1019,-0.0001,0.0,False,sp|P60981|DEST_HUMAN
B,K,-0.0001,0.0003,-0.0002,-0.0001,True,sp|P60981|DEST_HUMAN
A,B,0.0001,0.0032,0.0,0.0002,True,sp|P61160|ARP2_HUMAN
A,K,-0.0,0.9702,-0.0001,0.0001,False,sp|P61160|ARP2_HUMAN
B,K,-0.0001,0.0016,-0.0002,-0.0,True,sp|P61160|ARP2_HUMAN
A,B,0.0002,0.0001,0.0001,0.0003,True,sp|P61457|PHS_HUMAN
A,K,0.0001,0.1626,-0.0,0.0001,False,sp|P61457|PHS_HUMAN
B,K,-0.0002,0.0009,-0.0003,-0.0001,True,sp|P61457|PHS_HUMAN
A,B,-0.0,0.9966,-0.0001,0.0001,False,sp|P61513|RL37A_HUMAN
A,K,-0.0001,0.0019,-0.0001,-0.0,True,sp|P61513|RL37A_HUMAN
B,K,-0.0001,0.0023,-0.0001,-0.0,True,sp|P61513|RL37A_HUMAN
A,B,-0.0,0.3258,-0.0001,0.0,False,sp|P62277|RS13_HUMAN
A,K,0.0001,0.0008,0.0,0.0002,True,sp|P62277|RS13_HUMAN
B,K,0.0002,0.0,0.0001,0.0002,True,sp|P62277|RS13_HUMAN
A,B,-0.0,0.8627,-0.0001,0.0001,False,sp|P62312|LSM6_HUMAN
A,K,0.0001,0.0139,0.0,0.0001,True,sp|P62312|LSM6_HUMAN
B,K,0.0001,0.0019,0.0,0.0002,True,sp|P62312|LSM6_HUMAN
A,B,-0.0001,0.003,-0.0002,-0.0,True,sp|P62330|ARF6_HUMAN
A,K,-0.0001,0.0003,-0.0002,-0.0001,True,sp|P62330|ARF6_HUMAN
B,K,-0.0,0.7173,-0.0001,0.0,False,sp|P62330|ARF6_HUMAN
A,B,0.0001,0.0042,0.0,0.0001,True,sp|P62487|RPB7_HUMAN
A,K,-0.0,0.9413,-0.0,0.0,False,sp|P62487|RPB7_HUMAN
B,K,-0.0001,0.0033,-0.0001,-0.0,True,sp|P62487|RPB7_HUMAN
A,B,0.0003,0.0007,0.0001,0.0005,True,sp|P62736|ACTA_HUMAN
A,K,0.0002,0.0195,0.0,0.0004,True,sp|P62736|ACTA_HUMAN
B,K,-0.0001,0.4672,-0.0003,0.0001,False,sp|P62736|ACTA_HUMAN
A,B,-0.0,0.9876,-0.0001,0.0001,False,sp|P62857|RS28_HUMAN
A,K,0.0002,0.0066,0.0,0.0003,True,sp|P62857|RS28_HUMAN
B,K,0.0002,0.0043,0.0,0.0003,True,sp|P62857|RS28_HUMAN
A,B,0.0,0.8864,-0.0,0.0001,False,sp|P62899|RL31_HUMAN
A,K,0.0001,0.003,0.0,0.0001,True,sp|P62899|RL31_HUMAN
B,K,0.0001,0.0109,0.0,0.0001,True,sp|P62899|RL31_HUMAN
A,B,0.0004,0.0071,0.0001,0.0007,True,sp|P63313|TYB10_HUMAN
A,K,-0.0,0.9167,-0.0003,0.0002,False,sp|P63313|TYB10_HUMAN
B,K,-0.0004,0.0023,-0.0007,-0.0001,True,sp|P63313|TYB10_HUMAN
A,B,0.0001,0.4135,-0.0001,0.0002,False,sp|P67809|YBOX1_HUMAN
A,K,0.0002,0.0011,0.0001,0.0003,True,sp|P67809|YBOX1_HUMAN
B,K,0.0001,0.0347,0.0,0.0002,True,sp|P67809|YBOX1_HUMAN
A,B,-0.0,0.6466,-0.0,0.0,False,sp|P78318|IGBP1_HUMAN
A,K,0.0,0.0068,0.0,0.0001,True,sp|P78318|IGBP1_HUMAN
B,K,0.0,0.0007,0.0,0.0001,True,sp|P78318|IGBP1_HUMAN
A,B,-0.0,0.0027,-0.0001,-0.0,True,sp|P84022|SMAD3_HUMAN
A,K,-0.0,0.3855,-0.0,0.0,False,sp|P84022|SMAD3_HUMAN
B,K,0.0,0.0173,0.0,0.0001,True,sp|P84022|SMAD3_HUMAN
A,B,0.0001,0.0003,0.0,0.0002,True,sp|P84098|RL19_HUMAN
A,K,0.0001,0.0,0.0001,0.0002,True,sp|P84098|RL19_HUMAN
B,K,0.0,0.7707,-0.0,0.0001,False,sp|P84098|RL19_HUMAN
A,B,-0.0002,0.0001,-0.0002,-0.0001,True,sp|P98095|FBLN2_HUMAN
A,K,-0.0002,0.0,-0.0002,-0.0001,True,sp|P98095|FBLN2_HUMAN
B,K,-0.0,0.9031,-0.0001,0.0,False,sp|P98095|FBLN2_HUMAN
A,B,-0.0001,0.0011,-0.0001,-0.0,True,sp|Q00587|BORG5_HUMAN
A,K,-0.0001,0.0151,-0.0001,-0.0,True,sp|Q00587|BORG5_HUMAN
B,K,0.0,0.2334,-0.0,0.0001,False,sp|Q00587|BORG5_HUMAN
A,B,-0.0,0.0144,-0.0,-0.0,True,sp|Q01650|LAT1_HUMAN
A,K,0.0,0.4664,-0.0,0.0,False,sp|Q01650|LAT1_HUMAN
B,K,0.0,0.0005,0.0,0.0001,True,sp|Q01650|LAT1_HUMAN
A,B,0.0,0.0018,0.0,0.0001,True,sp|Q01780|EXOSX_HUMAN
A,K,0.0,0.9681,-0.0,0.0,False,sp|Q01780|EXOSX_HUMAN
B,K,-0.0,0.003,-0.0001,-0.0,True,sp|Q01780|EXOSX_HUMAN
A,B,-0.0,0.0028,-0.0001,-0.0,True,sp|Q03169|TNAP2_HUMAN
A,K,-0.0,0.0047,-0.0001,-0.0,True,sp|Q03169|TNAP2_HUMAN
B,K,-0.0,0.9999,-0.0,0.0,False,sp|Q03169|TNAP2_HUMAN
A,B,-0.0001,0.0001,-0.0002,-0.0001,True,sp|Q03518|TAP1_HUMAN
A,K,-0.0001,0.0004,-0.0002,-0.0,True,sp|Q03518|TAP1_HUMAN
B,K,0.0,0.8373,-0.0001,0.0001,False,sp|Q03518|TAP1_HUMAN
A,B,-0.0001,0.0001,-0.0002,-0.0001,True,sp|Q03519|TAP2_HUMAN
A,K,-0.0001,0.0002,-0.0002,-0.0001,True,sp|Q03519|TAP2_HUMAN
B,K,0.0,0.9554,-0.0001,0.0001,False,sp|Q03519|TAP2_HUMAN
A,B,-0.0,0.0015,-0.0,-0.0,True,sp|Q05707|COEA1_HUMAN
A,K,-0.0,0.9124,-0.0,0.0,False,sp|Q05707|COEA1_HUMAN
B,K,0.0,0.0047,0.0,0.0,True,sp|Q05707|COEA1_HUMAN
A,B,-0.0,0.0,-0.0,-0.0,True,sp|Q06330|SUH_HUMAN
A,K,-0.0,0.9324,-0.0,0.0,False,sp|Q06330|SUH_HUMAN
B,K,0.0,0.0,0.0,0.0,True,sp|Q06330|SUH_HUMAN
A,B,-0.0002,0.0034,-0.0003,-0.0001,True,sp|Q07021|C1QBP_HUMAN
A,K,-0.0,0.8714,-0.0002,0.0001,False,sp|Q07021|C1QBP_HUMAN
B,K,0.0002,0.0131,0.0,0.0003,True,sp|Q07021|C1QBP_HUMAN
A,B,-0.0001,0.0002,-0.0001,-0.0,True,sp|Q08380|LG3BP_HUMAN
A,K,-0.0001,0.0,-0.0002,-0.0001,True,sp|Q08380|LG3BP_HUMAN
B,K,-0.0,0.0497,-0.0001,-0.0,True,sp|Q08380|LG3BP_HUMAN
A,B,-0.0,0.0138,-0.0,-0.0,True,sp|Q08AF3|SLFN5_HUMAN
A,K,-0.0,0.0003,-0.0001,-0.0,True,sp|Q08AF3|SLFN5_HUMAN
B,K,-0.0,0.3568,-0.0,0.0,False,sp|Q08AF3|SLFN5_HUMAN
A,B,-0.0001,0.0015,-0.0001,-0.0,True,sp|Q12797|ASPH_HUMAN
A,K,-0.0,0.323,-0.0001,0.0,False,sp|Q12797|ASPH_HUMAN
B,K,0.0,0.0682,-0.0,0.0001,False,sp|Q12797|ASPH_HUMAN
A,B,-0.0001,0.0003,-0.0001,-0.0,True,sp|Q12841|FSTL1_HUMAN
A,K,0.0,0.9812,-0.0,0.0001,False,sp|Q12841|FSTL1_HUMAN
B,K,0.0001,0.0002,0.0,0.0001,True,sp|Q12841|FSTL1_HUMAN
A,B,-0.0,0.1307,-0.0001,0.0,False,sp|Q13190|STX5_HUMAN
A,K,0.0,0.0166,0.0,0.0001,True,sp|Q13190|STX5_HUMAN
B,K,0.0001,0.0,0.0,0.0001,True,sp|Q13190|STX5_HUMAN
A,B,0.0001,0.0016,0.0,0.0002,True,sp|Q13287|NMI_HUMAN
A,K,-0.0001,0.1863,-0.0001,0.0,False,sp|Q13287|NMI_HUMAN
B,K,-0.0002,0.0003,-0.0003,-0.0001,True,sp|Q13287|NMI_HUMAN
A,B,0.0001,0.0007,0.0001,0.0002,True,sp|Q13325|IFIT5_HUMAN
A,K,-0.0,0.1952,-0.0001,0.0,False,sp|Q13325|IFIT5_HUMAN
B,K,-0.0002,0.0001,-0.0003,-0.0001,True,sp|Q13325|IFIT5_HUMAN
A,B,0.0,0.0025,0.0,0.0001,True,sp|Q13451|FKBP5_HUMAN
A,K,0.0,0.0253,0.0,0.0,True,sp|Q13451|FKBP5_HUMAN
B,K,-0.0,0.2279,-0.0,0.0,False,sp|Q13451|FKBP5_HUMAN
A,B,0.0,0.0023,0.0,0.0001,True,sp|Q13610|PWP1_HUMAN
A,K,-0.0,0.1773,-0.0,0.0,False,sp|Q13610|PWP1_HUMAN
B,K,-0.0,0.0,-0.0001,-0.0,True,sp|Q13610|PWP1_HUMAN
A,B,0.0001,0.0011,0.0001,0.0002,True,sp|Q14116|IL18_HUMAN
A,K,0.0,0.8017,-0.0001,0.0001,False,sp|Q14116|IL18_HUMAN
B,K,-0.0001,0.0022,-0.0002,-0.0001,True,sp|Q14116|IL18_HUMAN
A,B,0.0,0.0009,0.0,0.0001,True,sp|Q14152|EIF3A_HUMAN
A,K,0.0,0.1729,-0.0,0.0,False,sp|Q14152|EIF3A_HUMAN
B,K,-0.0,0.1052,-0.0,0.0,False,sp|Q14152|EIF3A_HUMAN
A,B,0.0,0.1692,-0.0,0.0001,False,sp|Q14165|MLEC_HUMAN
A,K,0.0001,0.0001,0.0,0.0001,True,sp|Q14165|MLEC_HUMAN
B,K,0.0,0.0199,0.0,0.0001,True,sp|Q14165|MLEC_HUMAN
A,B,-0.0,0.0712,-0.0,0.0,False,sp|Q14643|ITPR1_HUMAN
A,K,0.0,0.0039,0.0,0.0,True,sp|Q14643|ITPR1_HUMAN
B,K,0.0,0.0003,0.0,0.0,True,sp|Q14643|ITPR1_HUMAN
A,B,0.0001,0.0019,0.0,0.0001,True,sp|Q15056|IF4H_HUMAN
A,K,0.0001,0.0022,0.0,0.0001,True,sp|Q15056|IF4H_HUMAN
B,K,-0.0,0.998,-0.0,0.0,False,sp|Q15056|IF4H_HUMAN
A,B,0.0001,0.0015,0.0,0.0002,True,sp|Q15417|CNN3_HUMAN
A,K,0.0,0.5031,-0.0,0.0001,False,sp|Q15417|CNN3_HUMAN
B,K,-0.0001,0.0308,-0.0002,-0.0,True,sp|Q15417|CNN3_HUMAN
A,B,-0.0001,0.0031,-0.0002,-0.0,True,sp|Q15646|OASL_HUMAN
A,K,-0.0001,0.0048,-0.0002,-0.0,True,sp|Q15646|OASL_HUMAN
B,K,-0.0,0.6658,-0.0001,0.0001,False,sp|Q15646|OASL_HUMAN
A,B,-0.0002,0.0053,-0.0004,-0.0001,True,sp|Q15651|HMGN3_HUMAN
A,K,0.0001,0.1561,-0.0,0.0002,False,sp|Q15651|HMGN3_HUMAN
B,K,0.0003,0.0006,0.0002,0.0005,True,sp|Q15651|HMGN3_HUMAN
A,B,0.0,0.9995,-0.0,0.0,False,sp|Q16186|ADRM1_HUMAN
A,K,-0.0,0.002,-0.0001,-0.0,True,sp|Q16186|ADRM1_HUMAN
B,K,-0.0,0.0018,-0.0001,-0.0,True,sp|Q16186|ADRM1_HUMAN
A,B,-0.0,0.2294,-0.0,0.0,False,sp|Q16363|LAMA4_HUMAN
A,K,0.0,0.039,0.0,0.0,True,sp|Q16363|LAMA4_HUMAN
B,K,0.0,0.0025,0.0,0.0,True,sp|Q16363|LAMA4_HUMAN
A,B,-0.0001,0.0,-0.0001,-0.0,True,sp|Q16850|CP51A_HUMAN
A,K,-0.0001,0.0008,-0.0001,-0.0,True,sp|Q16850|CP51A_HUMAN
B,K,0.0,0.602,-0.0,0.0,False,sp|Q16850|CP51A_HUMAN
A,B,-0.0,0.0004,-0.0001,-0.0,True,sp|Q2TAA5|ALG11_HUMAN
A,K,-0.0,0.0002,-0.0001,-0.0,True,sp|Q2TAA5|ALG11_HUMAN
B,K,-0.0,0.9916,-0.0,0.0,False,sp|Q2TAA5|ALG11_HUMAN
A,B,-0.0,0.0014,-0.0,-0.0,True,sp|Q2TAL8|QRIC1_HUMAN
A,K,-0.0,0.0039,-0.0,-0.0,True,sp|Q2TAL8|QRIC1_HUMAN
B,K,-0.0,0.8169,-0.0,0.0,False,sp|Q2TAL8|QRIC1_HUMAN
A,B,-0.0,0.9606,-0.0,0.0,False,sp|Q3LXA3|TKFC_HUMAN
A,K,0.0001,0.0033,0.0,0.0001,True,sp|Q3LXA3|TKFC_HUMAN
B,K,0.0001,0.0012,0.0,0.0001,True,sp|Q3LXA3|TKFC_HUMAN
A,B,-0.0001,0.0309,-0.0002,-0.0,True,sp|Q5JNZ5|RS26L_HUMAN
A,K,-0.0002,0.0004,-0.0003,-0.0001,True,sp|Q5JNZ5|RS26L_HUMAN
B,K,-0.0001,0.0728,-0.0002,0.0,False,sp|Q5JNZ5|RS26L_HUMAN
A,B,-0.0,0.0001,-0.0,-0.0,True,sp|Q5JRA6|TGO1_HUMAN
A,K,-0.0,0.877,-0.0,0.0,False,sp|Q5JRA6|TGO1_HUMAN
B,K,0.0,0.0006,0.0,0.0,True,sp|Q5JRA6|TGO1_HUMAN
A,B,-0.0,0.0005,-0.0001,-0.0,True,sp|Q5K651|SAMD9_HUMAN
A,K,-0.0001,0.0,-0.0001,-0.0001,True,sp|Q5K651|SAMD9_HUMAN
B,K,-0.0,0.0108,-0.0001,-0.0,True,sp|Q5K651|SAMD9_HUMAN
A,B,-0.0001,0.0004,-0.0001,-0.0,True,sp|Q5SSJ5|HP1B3_HUMAN
A,K,-0.0001,0.0011,-0.0001,-0.0,True,sp|Q5SSJ5|HP1B3_HUMAN
B,K,0.0,0.9366,-0.0,0.0,False,sp|Q5SSJ5|HP1B3_HUMAN
A,B,-0.0,0.0002,-0.0,-0.0,True,sp|Q5SW96|ARH_HUMAN
A,K,-0.0,0.0011,-0.0,-0.0,True,sp|Q5SW96|ARH_HUMAN
B,K,0.0,0.0689,-0.0,0.0,False,sp|Q5SW96|ARH_HUMAN
A,B,0.0,0.0048,0.0,0.0001,True,sp|Q5T9L3|WLS_HUMAN
A,K,-0.0,0.6547,-0.0,0.0,False,sp|Q5T9L3|WLS_HUMAN
B,K,-0.0,0.0004,-0.0001,-0.0,True,sp|Q5T9L3|WLS_HUMAN
A,B,0.0,0.9139,-0.0,0.0,False,sp|Q5TC12|ATPF1_HUMAN
A,K,0.0,0.0013,0.0,0.0,True,sp|Q5TC12|ATPF1_HUMAN
B,K,0.0,0.0021,0.0,0.0,True,sp|Q5TC12|ATPF1_HUMAN
A,B,-0.0,0.0088,-0.0001,-0.0,True,sp|Q68CQ7|GL8D1_HUMAN
A,K,-0.0,0.0009,-0.0001,-0.0,True,sp|Q68CQ7|GL8D1_HUMAN
B,K,-0.0,0.5558,-0.0,0.0,False,sp|Q68CQ7|GL8D1_HUMAN
A,B,-0.0,0.4477,-0.0001,0.0,False,sp|Q6DN03|H2B2C_HUMAN
A,K,0.0001,0.014,0.0,0.0001,True,sp|Q6DN03|H2B2C_HUMAN
B,K,0.0001,0.0026,0.0,0.0002,True,sp|Q6DN03|H2B2C_HUMAN
A,B,0.0,0.0002,0.0,0.0,True,sp|Q7L5D6|GET4_HUMAN
A,K,0.0,0.0719,-0.0,0.0,False,sp|Q7L5D6|GET4_HUMAN
B,K,-0.0,0.0495,-0.0,-0.0,True,sp|Q7L5D6|GET4_HUMAN
A,B,-0.0,0.01,-0.0,-0.0,True,sp|Q7Z2K6|ERMP1_HUMAN
A,K,-0.0,0.0034,-0.0,-0.0,True,sp|Q7Z2K6|ERMP1_HUMAN
B,K,-0.0,0.8869,-0.0,0.0,False,sp|Q7Z2K6|ERMP1_HUMAN
A,B,-0.0001,0.0,-0.0001,-0.0,True,sp|Q7Z2W4|ZCCHV_HUMAN
A,K,-0.0001,0.0,-0.0001,-0.0001,True,sp|Q7Z2W4|ZCCHV_HUMAN
B,K,-0.0,0.0764,-0.0001,0.0,False,sp|Q7Z2W4|ZCCHV_HUMAN
A,B,-0.0,0.0035,-0.0001,-0.0,True,sp|Q7Z3K3|POGZ_HUMAN
A,K,-0.0,0.0142,-0.0,-0.0,True,sp|Q7Z3K3|POGZ_HUMAN
B,K,0.0,0.7712,-0.0,0.0,False,sp|Q7Z3K3|POGZ_HUMAN
A,B,0.0,0.3655,-0.0,0.0001,False,sp|Q7Z434|MAVS_HUMAN
A,K,0.0001,0.0002,0.0,0.0001,True,sp|Q7Z434|MAVS_HUMAN
B,K,0.0001,0.0119,0.0,0.0001,True,sp|Q7Z434|MAVS_HUMAN
A,B,0.0,0.0003,0.0,0.0,True,sp|Q86SK9|SCD5_HUMAN
A,K,0.0,0.4883,-0.0,0.0,False,sp|Q86SK9|SCD5_HUMAN
B,K,-0.0,0.0007,-0.0,-0.0,True,sp|Q86SK9|SCD5_HUMAN
A,B,0.0,0.003,0.0,0.0,True,sp|Q86U86|PB1_HUMAN
A,K,0.0,0.9035,-0.0,0.0,False,sp|Q86U86|PB1_HUMAN
B,K,-0.0,0.0012,-0.0,-0.0,True,sp|Q86U86|PB1_HUMAN
A,B,-0.0001,0.0068,-0.0001,-0.0,True,sp|Q86YS6|RAB43_HUMAN
A,K,-0.0001,0.0009,-0.0001,-0.0,True,sp|Q86YS6|RAB43_HUMAN
B,K,-0.0,0.5445,-0.0001,0.0,False,sp|Q86YS6|RAB43_HUMAN
A,B,-0.0001,0.0,-0.0001,-0.0001,True,sp|Q8IVL6|P3H3_HUMAN
A,K,-0.0001,0.0003,-0.0001,-0.0,True,sp|Q8IVL6|P3H3_HUMAN
B,K,0.0,0.3717,-0.0,0.0001,False,sp|Q8IVL6|P3H3_HUMAN
A,B,-0.0,0.0426,-0.0,-0.0,True,sp|Q8IXI2|MIRO1_HUMAN
A,K,-0.0,0.002,-0.0,-0.0,True,sp|Q8IXI2|MIRO1_HUMAN
B,K,-0.0,0.4858,-0.0,0.0,False,sp|Q8IXI2|MIRO1_HUMAN
A,B,0.0001,0.0125,0.0,0.0001,True,sp|Q8IYD1|ERF3B_HUMAN
A,K,-0.0,0.2729,-0.0001,0.0,False,sp|Q8IYD1|ERF3B_HUMAN
B,K,-0.0001,0.0027,-0.0002,-0.0,True,sp|Q8IYD1|ERF3B_HUMAN
A,B,-0.0,0.1976,-0.0,0.0,False,sp|Q8IYM9|TRI22_HUMAN
A,K,-0.0001,0.0002,-0.0001,-0.0,True,sp|Q8IYM9|TRI22_HUMAN
B,K,-0.0,0.0427,-0.0001,-0.0,True,sp|Q8IYM9|TRI22_HUMAN
A,B,0.0,0.0029,0.0,0.0,True,sp|Q8N0U8|VKORL_HUMAN
A,K,-0.0,0.9304,-0.0,0.0,False,sp|Q8N0U8|VKORL_HUMAN
B,K,-0.0,0.0013,-0.0,-0.0,True,sp|Q8N0U8|VKORL_HUMAN
A,B,-0.0,0.0047,-0.0,-0.0,True,sp|Q8N1G2|CMTR1_HUMAN
A,K,-0.0,0.0007,-0.0001,-0.0,True,sp|Q8N1G2|CMTR1_HUMAN
B,K,-0.0,0.5812,-0.0,0.0,False,sp|Q8N1G2|CMTR1_HUMAN
A,B,0.0,0.0054,0.0,0.0,True,sp|Q8N442|GUF1_HUMAN
A,K,0.0,0.9937,-0.0,0.0,False,sp|Q8N442|GUF1_HUMAN
B,K,-0.0,0.0048,-0.0,-0.0,True,sp|Q8N442|GUF1_HUMAN
A,B,0.0001,0.0002,0.0001,0.0001,True,sp|Q8NBQ5|DHB11_HUMAN
A,K,0.0,0.9635,-0.0,0.0,False,sp|Q8NBQ5|DHB11_HUMAN
B,K,-0.0001,0.0014,-0.0001,-0.0,True,sp|Q8NBQ5|DHB11_HUMAN
A,B,-0.0,0.9401,-0.0,0.0,False,sp|Q8NEZ2|VP37A_HUMAN
A,K,0.0,0.0005,0.0,0.0,True,sp|Q8NEZ2|VP37A_HUMAN
B,K,0.0,0.0039,0.0,0.0001,True,sp|Q8NEZ2|VP37A_HUMAN
A,B,0.0001,0.0023,0.0,0.0001,True,sp|Q8NFI4|F10A5_HUMAN
A,K,0.0,0.9666,-0.0,0.0,False,sp|Q8NFI4|F10A5_HUMAN
B,K,-0.0001,0.0014,-0.0001,-0.0,True,sp|Q8NFI4|F10A5_HUMAN
A,B,-0.0001,0.0055,-0.0001,-0.0,True,sp|Q8NFQ8|TOIP2_HUMAN
A,K,0.0,0.8066,-0.0,0.0001,False,sp|Q8NFQ8|TOIP2_HUMAN
B,K,0.0001,0.0009,0.0,0.0001,True,sp|Q8NFQ8|TOIP2_HUMAN
A,B,0.0001,0.5038,-0.0001,0.0002,False,sp|Q8NI22|MCFD2_HUMAN
A,K,-0.0001,0.0355,-0.0002,-0.0,True,sp|Q8NI22|MCFD2_HUMAN
B,K,-0.0002,0.0017,-0.0003,-0.0001,True,sp|Q8NI22|MCFD2_HUMAN
A,B,-0.0,0.4315,-0.0,0.0,False,sp|Q8TB61|S35B2_HUMAN
A,K,0.0,0.0024,0.0,0.0,True,sp|Q8TB61|S35B2_HUMAN
B,K,0.0,0.0001,0.0,0.0001,True,sp|Q8TB61|S35B2_HUMAN
A,B,-0.0001,0.0091,-0.0001,-0.0,True,sp|Q8TCS8|PNPT1_HUMAN
A,K,-0.0001,0.0,-0.0002,-0.0001,True,sp|Q8TCS8|PNPT1_HUMAN
B,K,-0.0001,0.0364,-0.0001,-0.0,True,sp|Q8TCS8|PNPT1_HUMAN
A,B,0.0,0.6234,-0.0,0.0001,False,sp|Q8TDB6|DTX3L_HUMAN
A,K,-0.0001,0.0065,-0.0001,-0.0,True,sp|Q8TDB6|DTX3L_HUMAN
B,K,-0.0001,0.0037,-0.0002,-0.0,True,sp|Q8TDB6|DTX3L_HUMAN
A,B,0.0,0.0009,0.0,0.0,True,sp|Q8WVM0|TFB1M_HUMAN
A,K,0.0,0.5045,-0.0,0.0,False,sp|Q8WVM0|TFB1M_HUMAN
B,K,-0.0,0.0152,-0.0,-0.0,True,sp|Q8WVM0|TFB1M_HUMAN
A,B,-0.0,0.0208,-0.0,-0.0,True,sp|Q8WVM7|STAG1_HUMAN
A,K,-0.0,0.0011,-0.0,-0.0,True,sp|Q8WVM7|STAG1_HUMAN
B,K,-0.0,0.1528,-0.0,0.0,False,sp|Q8WVM7|STAG1_HUMAN
A,B,-0.0,0.0005,-0.0,-0.0,True,sp|Q8WWI5|CTL1_HUMAN
A,K,-0.0,0.017,-0.0,-0.0,True,sp|Q8WWI5|CTL1_HUMAN
B,K,0.0,0.457,-0.0,0.0,False,sp|Q8WWI5|CTL1_HUMAN
A,B,-0.0002,0.0005,-0.0003,-0.0001,True,sp|Q8WXC6|CSN9_HUMAN
A,K,-0.0001,0.2804,-0.0002,0.0,False,sp|Q8WXC6|CSN9_HUMAN
B,K,0.0001,0.0252,0.0,0.0002,True,sp|Q8WXC6|CSN9_HUMAN
A,B,-0.0001,0.0002,-0.0001,-0.0,True,sp|Q92692|NECT2_HUMAN
A,K,-0.0001,0.0004,-0.0001,-0.0,True,sp|Q92692|NECT2_HUMAN
B,K,0.0,0.9847,-0.0,0.0,False,sp|Q92692|NECT2_HUMAN
A,B,-0.0001,0.0006,-0.0001,-0.0,True,sp|Q92791|SC65_HUMAN
A,K,-0.0,0.0321,-0.0001,-0.0,True,sp|Q92791|SC65_HUMAN
B,K,0.0,0.3213,-0.0,0.0,False,sp|Q92791|SC65_HUMAN
A,B,-0.0,0.6824,-0.0001,0.0,False,sp|Q969H8|MYDGF_HUMAN
A,K,-0.0001,0.0004,-0.0002,-0.0,True,sp|Q969H8|MYDGF_HUMAN
B,K,-0.0001,0.0048,-0.0001,-0.0,True,sp|Q969H8|MYDGF_HUMAN
A,B,0.0001,0.0273,0.0,0.0002,True,sp|Q96C19|EFHD2_HUMAN
A,K,-0.0,0.4947,-0.0001,0.0,False,sp|Q96C19|EFHD2_HUMAN
B,K,-0.0001,0.0012,-0.0002,-0.0,True,sp|Q96C19|EFHD2_HUMAN
A,B,-0.0,0.5961,-0.0,0.0,False,sp|Q96CN7|ISOC1_HUMAN
A,K,-0.0001,0.0011,-0.0001,-0.0,True,sp|Q96CN7|ISOC1_HUMAN
B,K,-0.0,0.013,-0.0001,-0.0,True,sp|Q96CN7|ISOC1_HUMAN
A,B,-0.0,0.6495,-0.0001,0.0,False,sp|Q96CW1|AP2M1_HUMAN
A,K,-0.0001,0.0016,-0.0002,-0.0,True,sp|Q96CW1|AP2M1_HUMAN
B,K,-0.0001,0.0182,-0.0001,-0.0,True,sp|Q96CW1|AP2M1_HUMAN
A,B,0.0,0.0006,0.0,0.0,True,sp|Q96D71|REPS1_HUMAN
A,K,0.0,0.8882,-0.0,0.0,False,sp|Q96D71|REPS1_HUMAN
B,K,-0.0,0.0004,-0.0,-0.0,True,sp|Q96D71|REPS1_HUMAN
A,B,-0.0,0.0017,-0.0001,-0.0,True,sp|Q96EH3|MASU1_HUMAN
A,K,-0.0,0.2668,-0.0,0.0,False,sp|Q96EH3|MASU1_HUMAN
B,K,0.0,0.1214,-0.0,0.0001,False,sp|Q96EH3|MASU1_HUMAN
A,B,-0.0,0.0072,-0.0,-0.0,True,sp|Q96ES7|SGF29_HUMAN
A,K,0.0,0.0,0.0,0.0,True,sp|Q96ES7|SGF29_HUMAN
B,K,0.0,0.0,0.0,0.0,True,sp|Q96ES7|SGF29_HUMAN
A,B,-0.0,0.9382,-0.0001,0.0001,False,sp|Q96IX5|ATPMK_HUMAN
A,K,0.0001,0.0077,0.0,0.0002,True,sp|Q96IX5|ATPMK_HUMAN
B,K,0.0001,0.003,0.0,0.0002,True,sp|Q96IX5|ATPMK_HUMAN
A,B,0.0,0.0,0.0,0.0,True,sp|Q96L91|EP400_HUMAN
A,K,-0.0,0.7704,-0.0,0.0,False,sp|Q96L91|EP400_HUMAN
B,K,-0.0,0.0,-0.0,-0.0,True,sp|Q96L91|EP400_HUMAN
A,B,-0.0,0.6738,-0.0001,0.0,False,sp|Q96M96|FGD4_HUMAN
A,K,0.0001,0.0042,0.0,0.0001,True,sp|Q96M96|FGD4_HUMAN
B,K,0.0001,0.0009,0.0,0.0001,True,sp|Q96M96|FGD4_HUMAN
A,B,-0.0,0.0066,-0.0,-0.0,True,sp|Q96NE9|FRMD6_HUMAN
A,K,-0.0,0.0004,-0.0,-0.0,True,sp|Q96NE9|FRMD6_HUMAN
B,K,-0.0,0.5164,-0.0,0.0,False,sp|Q96NE9|FRMD6_HUMAN
A,B,-0.0,0.0071,-0.0001,-0.0,True,sp|Q96RD7|PANX1_HUMAN
A,K,-0.0,0.0053,-0.0001,-0.0,True,sp|Q96RD7|PANX1_HUMAN
B,K,-0.0,0.9055,-0.0,0.0,False,sp|Q96RD7|PANX1_HUMAN
A,B,0.0,0.0,0.0,0.0001,True,sp|Q96SB4|SRPK1_HUMAN
A,K,0.0,0.0533,-0.0,0.0,False,sp|Q96SB4|SRPK1_HUMAN
B,K,-0.0,0.014,-0.0,-0.0,True,sp|Q96SB4|SRPK1_HUMAN
A,B,0.0001,0.0001,0.0,0.0001,True,sp|Q99439|CNN2_HUMAN
A,K,0.0,0.383,-0.0,0.0001,False,sp|Q99439|CNN2_HUMAN
B,K,-0.0001,0.0053,-0.0001,-0.0,True,sp|Q99439|CNN2_HUMAN
A,B,-0.0001,0.0,-0.0001,-0.0,True,sp|Q99519|NEUR1_HUMAN
A,K,-0.0,0.7134,-0.0001,0.0,False,sp|Q99519|NEUR1_HUMAN
B,K,0.0001,0.0006,0.0,0.0001,True,sp|Q99519|NEUR1_HUMAN
A,B,-0.0001,0.0004,-0.0001,-0.0,True,sp|Q99538|LGMN_HUMAN
A,K,-0.0001,0.0014,-0.0001,-0.0,True,sp|Q99538|LGMN_HUMAN
B,K,0.0,0.9386,-0.0,0.0001,False,sp|Q99538|LGMN_HUMAN
A,B,-0.0001,0.0019,-0.0001,-0.0,True,sp|Q99755|PI51A_HUMAN
A,K,-0.0,0.067,-0.0001,0.0,False,sp|Q99755|PI51A_HUMAN
B,K,0.0,0.0978,-0.0,0.0001,False,sp|Q99755|PI51A_HUMAN
A,B,0.0,0.1012,-0.0,0.0001,False,sp|Q9BQ61|TRIR_HUMAN
A,K,-0.0,0.3727,-0.0001,0.0,False,sp|Q9BQ61|TRIR_HUMAN
B,K,-0.0001,0.002,-0.0001,-0.0,True,sp|Q9BQ61|TRIR_HUMAN
A,B,-0.0001,0.0,-0.0002,-0.0001,True,sp|Q9BQE5|APOL2_HUMAN
A,K,-0.0002,0.0,-0.0002,-0.0001,True,sp|Q9BQE5|APOL2_HUMAN
B,K,-0.0,0.2292,-0.0001,0.0,False,sp|Q9BQE5|APOL2_HUMAN
A,B,0.0001,0.1641,-0.0,0.0002,False,sp|Q9BRG1|VPS25_HUMAN
A,K,0.0002,0.0015,0.0001,0.0003,True,sp|Q9BRG1|VPS25_HUMAN
B,K,0.0001,0.0775,-0.0,0.0002,False,sp|Q9BRG1|VPS25_HUMAN
A,B,0.0001,0.0,0.0001,0.0002,True,sp|Q9BRX8|PXL2A_HUMAN
A,K,-0.0,0.3464,-0.0001,0.0,False,sp|Q9BRX8|PXL2A_HUMAN
B,K,-0.0001,0.0,-0.0002,-0.0001,True,sp|Q9BRX8|PXL2A_HUMAN
A,B,-0.0001,0.0004,-0.0002,-0.0001,True,sp|Q9BS26|ERP44_HUMAN
A,K,-0.0,0.3894,-0.0001,0.0,False,sp|Q9BS26|ERP44_HUMAN
B,K,0.0001,0.0165,0.0,0.0002,True,sp|Q9BS26|ERP44_HUMAN
A,B,0.0,0.0,0.0,0.0,True,sp|Q9BUE6|ISCA1_HUMAN
A,K,-0.0,0.8498,-0.0,0.0,False,sp|Q9BUE6|ISCA1_HUMAN
B,K,-0.0,0.0001,-0.0,-0.0,True,sp|Q9BUE6|ISCA1_HUMAN
A,B,-0.0001,0.3877,-0.0002,0.0,False,sp|Q9BWJ5|SF3B5_HUMAN
A,K,0.0001,0.0021,0.0,0.0002,True,sp|Q9BWJ5|SF3B5_HUMAN
B,K,0.0002,0.0,0.0001,0.0003,True,sp|Q9BWJ5|SF3B5_HUMAN
A,B,0.0,0.0059,0.0,0.0001,True,sp|Q9BXJ9|NAA15_HUMAN
A,K,0.0,0.9991,-0.0,0.0,False,sp|Q9BXJ9|NAA15_HUMAN
B,K,-0.0,0.0056,-0.0001,-0.0,True,sp|Q9BXJ9|NAA15_HUMAN
A,B,0.0,0.0114,0.0,0.0001,True,sp|Q9BYG3|MK67I_HUMAN
A,K,0.0001,0.0005,0.0,0.0001,True,sp|Q9BYG3|MK67I_HUMAN
B,K,0.0,0.5216,-0.0,0.0,False,sp|Q9BYG3|MK67I_HUMAN
A,B,0.0001,0.0003,0.0,0.0001,True,sp|Q9BZK7|TBL1R_HUMAN
A,K,0.0,0.9735,-0.0,0.0,False,sp|Q9BZK7|TBL1R_HUMAN
B,K,-0.0001,0.0003,-0.0001,-0.0,True,sp|Q9BZK7|TBL1R_HUMAN
A,B,-0.0,0.0011,-0.0,-0.0,True,sp|Q9C0D5|TANC1_HUMAN
A,K,-0.0,0.0025,-0.0,-0.0,True,sp|Q9C0D5|TANC1_HUMAN
B,K,-0.0,0.9418,-0.0,0.0,False,sp|Q9C0D5|TANC1_HUMAN
A,B,0.0001,0.0008,0.0,0.0001,True,sp|Q9GZL7|WDR12_HUMAN
A,K,-0.0,0.97,-0.0,0.0,False,sp|Q9GZL7|WDR12_HUMAN
B,K,-0.0001,0.0004,-0.0001,-0.0,True,sp|Q9GZL7|WDR12_HUMAN
A,B,0.0,0.0064,0.0,0.0,True,sp|Q9H074|PAIP1_HUMAN
A,K,-0.0,0.6943,-0.0,0.0,False,sp|Q9H074|PAIP1_HUMAN
B,K,-0.0,0.0007,-0.0001,-0.0,True,sp|Q9H074|PAIP1_HUMAN
A,B,-0.0001,0.0185,-0.0001,-0.0,True,sp|Q9H3G5|CPVL_HUMAN
A,K,-0.0001,0.0007,-0.0001,-0.0,True,sp|Q9H3G5|CPVL_HUMAN
B,K,-0.0,0.3437,-0.0001,0.0,False,sp|Q9H3G5|CPVL_HUMAN
A,B,-0.0,0.1121,-0.0001,0.0,False,sp|Q9H4A6|GOLP3_HUMAN
A,K,-0.0001,0.0011,-0.0001,-0.0,True,sp|Q9H4A6|GOLP3_HUMAN
B,K,-0.0,0.1953,-0.0001,0.0,False,sp|Q9H4A6|GOLP3_HUMAN
A,B,0.0,0.2851,-0.0,0.0,False,sp|Q9H4L5|OSBL3_HUMAN
A,K,0.0,0.0008,0.0,0.0001,True,sp|Q9H4L5|OSBL3_HUMAN
B,K,0.0,0.0272,0.0,0.0,True,sp|Q9H4L5|OSBL3_HUMAN
A,B,-0.0001,0.002,-0.0001,-0.0,True,sp|Q9H845|ACAD9_HUMAN
A,K,-0.0,0.9919,-0.0,0.0,False,sp|Q9H845|ACAD9_HUMAN
B,K,0.0001,0.0028,0.0,0.0001,True,sp|Q9H845|ACAD9_HUMAN
A,B,0.0,0.8333,-0.0,0.0,False,sp|Q9H9E3|COG4_HUMAN
A,K,0.0,0.0001,0.0,0.0,True,sp|Q9H9E3|COG4_HUMAN
B,K,0.0,0.0011,0.0,0.0,True,sp|Q9H9E3|COG4_HUMAN
A,B,-0.0,0.1584,-0.0001,0.0,False,sp|Q9H9J2|RM44_HUMAN
A,K,-0.0001,0.0001,-0.0001,-0.0,True,sp|Q9H9J2|RM44_HUMAN
B,K,-0.0,0.0262,-0.0001,-0.0,True,sp|Q9H9J2|RM44_HUMAN
A,B,-0.0,0.0004,-0.0,-0.0,True,sp|Q9HAU0|PKHA5_HUMAN
A,K,-0.0,0.0111,-0.0,-0.0,True,sp|Q9HAU0|PKHA5_HUMAN
B,K,0.0,0.076,-0.0,0.0,False,sp|Q9HAU0|PKHA5_HUMAN
A,B,0.0,0.0026,0.0,0.0,True,sp|Q9HBL0|TENS1_HUMAN
A,K,-0.0,0.273,-0.0,0.0,False,sp|Q9HBL0|TENS1_HUMAN
B,K,-0.0,0.0003,-0.0,-0.0,True,sp|Q9HBL0|TENS1_HUMAN
A,B,0.0,0.0386,0.0,0.0001,True,sp|Q9HCN8|SDF2L_HUMAN
A,K,-0.0001,0.0029,-0.0001,-0.0,True,sp|Q9HCN8|SDF2L_HUMAN
B,K,-0.0001,0.0,-0.0001,-0.0001,True,sp|Q9HCN8|SDF2L_HUMAN
A,B,-0.0,0.8175,-0.0,0.0,False,sp|Q9NUQ7|UFSP2_HUMAN
A,K,0.0,0.015,0.0,0.0,True,sp|Q9NUQ7|UFSP2_HUMAN
B,K,0.0,0.003,0.0,0.0001,True,sp|Q9NUQ7|UFSP2_HUMAN
A,B,-0.0001,0.0,-0.0001,-0.0,True,sp|Q9NW15|ANO10_HUMAN
A,K,-0.0,0.1621,-0.0,0.0,False,sp|Q9NW15|ANO10_HUMAN
B,K,0.0,0.0023,0.0,0.0001,True,sp|Q9NW15|ANO10_HUMAN
A,B,-0.0,0.544,-0.0,0.0,False,sp|Q9NWX5|ASB6_HUMAN
A,K,0.0,0.0016,0.0,0.0,True,sp|Q9NWX5|ASB6_HUMAN
B,K,0.0,0.001,0.0,0.0,True,sp|Q9NWX5|ASB6_HUMAN
A,B,-0.0001,0.0006,-0.0001,-0.0,True,sp|Q9NYL9|TMOD3_HUMAN
A,K,-0.0001,0.0206,-0.0001,-0.0,True,sp|Q9NYL9|TMOD3_HUMAN
B,K,0.0,0.4237,-0.0,0.0001,False,sp|Q9NYL9|TMOD3_HUMAN
A,B,-0.0001,0.0054,-0.0001,-0.0,True,sp|Q9NZ08|ERAP1_HUMAN
A,K,-0.0001,0.0028,-0.0001,-0.0,True,sp|Q9NZ08|ERAP1_HUMAN
B,K,-0.0,0.9705,-0.0,0.0,False,sp|Q9NZ08|ERAP1_HUMAN
A,B,-0.0,0.0072,-0.0001,-0.0,True,sp|Q9NZT2|OGFR_HUMAN
A,K,-0.0001,0.0003,-0.0001,-0.0,True,sp|Q9NZT2|OGFR_HUMAN
B,K,-0.0,0.5496,-0.0,0.0,False,sp|Q9NZT2|OGFR_HUMAN
A,B,0.0,0.0073,0.0,0.0,True,sp|Q9NZU5|LMCD1_HUMAN
A,K,-0.0,0.5325,-0.0,0.0,False,sp|Q9NZU5|LMCD1_HUMAN
B,K,-0.0,0.0013,-0.0,-0.0,True,sp|Q9NZU5|LMCD1_HUMAN
A,B,-0.0,0.2031,-0.0001,0.0,False,sp|Q9P0S9|TM14C_HUMAN
A,K,-0.0001,0.0005,-0.0002,-0.0,True,sp|Q9P0S9|TM14C_HUMAN
B,K,-0.0001,0.0464,-0.0001,-0.0,True,sp|Q9P0S9|TM14C_HUMAN
A,B,0.0,0.0008,0.0,0.0001,True,sp|Q9P273|TEN3_HUMAN
A,K,0.0,0.7537,-0.0,0.0,False,sp|Q9P273|TEN3_HUMAN
B,K,-0.0,0.0035,-0.0001,-0.0,True,sp|Q9P273|TEN3_HUMAN
A,B,0.0,0.0082,0.0,0.0001,True,sp|Q9P287|BCCIP_HUMAN
A,K,-0.0,0.984,-0.0,0.0,False,sp|Q9P287|BCCIP_HUMAN
B,K,-0.0,0.0036,-0.0001,-0.0,True,sp|Q9P287|BCCIP_HUMAN
A,B,-0.0,0.0319,-0.0,-0.0,True,sp|Q9P2R3|ANFY1_HUMAN
A,K,-0.0,0.0001,-0.0001,-0.0,True,sp|Q9P2R3|ANFY1_HUMAN
B,K,-0.0,0.0913,-0.0,0.0,False,sp|Q9P2R3|ANFY1_HUMAN
A,B,0.0,0.5884,-0.0,0.0001,False,sp|Q9UBQ0|VPS29_HUMAN
A,K,-0.0001,0.0179,-0.0002,-0.0,True,sp|Q9UBQ0|VPS29_HUMAN
B,K,-0.0001,0.0013,-0.0002,-0.0,True,sp|Q9UBQ0|VPS29_HUMAN
A,B,-0.0001,0.0004,-0.0002,-0.0,True,sp|Q9UFG5|CS025_HUMAN
A,K,-0.0,0.5696,-0.0001,0.0,False,sp|Q9UFG5|CS025_HUMAN
B,K,0.0001,0.0073,0.0,0.0001,True,sp|Q9UFG5|CS025_HUMAN
A,B,0.0,0.9988,-0.0001,0.0001,False,sp|Q9UGI8|TES_HUMAN
A,K,-0.0002,0.0004,-0.0002,-0.0001,True,sp|Q9UGI8|TES_HUMAN
B,K,-0.0002,0.0004,-0.0002,-0.0001,True,sp|Q9UGI8|TES_HUMAN
A,B,-0.0,0.9056,-0.0,0.0,False,sp|Q9UGJ0|AAKG2_HUMAN
A,K,0.0001,0.001,0.0,0.0001,True,sp|Q9UGJ0|AAKG2_HUMAN
B,K,0.0001,0.0004,0.0,0.0001,True,sp|Q9UGJ0|AAKG2_HUMAN
A,B,0.0,0.8496,-0.0,0.0,False,sp|Q9UHW9|S12A6_HUMAN
A,K,0.0,0.0029,0.0,0.0,True,sp|Q9UHW9|S12A6_HUMAN
B,K,0.0,0.0063,0.0,0.0,True,sp|Q9UHW9|S12A6_HUMAN
A,B,-0.0,0.0024,-0.0001,-0.0,True,sp|Q9UKM7|MA1B1_HUMAN
A,K,0.0,0.6723,-0.0,0.0,False,sp|Q9UKM7|MA1B1_HUMAN
B,K,0.0,0.0002,0.0,0.0001,True,sp|Q9UKM7|MA1B1_HUMAN
A,B,0.0,0.001,0.0,0.0001,True,sp|Q9UKX7|NUP50_HUMAN
A,K,0.0,0.1998,-0.0,0.0,False,sp|Q9UKX7|NUP50_HUMAN
B,K,-0.0,0.0963,-0.0001,0.0,False,sp|Q9UKX7|NUP50_HUMAN
A,B,-0.0,0.0,-0.0,-0.0,True,sp|Q9UL45|BL1S6_HUMAN
A,K,-0.0,0.0,-0.0,-0.0,True,sp|Q9UL45|BL1S6_HUMAN
B,K,0.0,0.1515,-0.0,0.0,False,sp|Q9UL45|BL1S6_HUMAN
A,B,0.0001,0.0083,0.0,0.0002,True,sp|Q9ULC4|MCTS1_HUMAN
A,K,-0.0,0.9294,-0.0001,0.0001,False,sp|Q9ULC4|MCTS1_HUMAN
B,K,-0.0001,0.003,-0.0002,-0.0,True,sp|Q9ULC4|MCTS1_HUMAN
A,B,-0.0001,0.063,-0.0001,0.0,False,sp|Q9UMX5|NENF_HUMAN
A,K,0.0001,0.1494,-0.0,0.0001,False,sp|Q9UMX5|NENF_HUMAN
B,K,0.0001,0.0004,0.0,0.0002,True,sp|Q9UMX5|NENF_HUMAN
A,B,-0.0,0.0007,-0.0001,-0.0,True,sp|Q9UN79|SOX13_HUMAN
A,K,-0.0,0.0002,-0.0001,-0.0,True,sp|Q9UN79|SOX13_HUMAN
B,K,-0.0,0.8565,-0.0,0.0,False,sp|Q9UN79|SOX13_HUMAN
A,B,0.0001,0.0022,0.0,0.0001,True,sp|Q9Y285|SYFA_HUMAN
A,K,-0.0,0.6957,-0.0001,0.0,False,sp|Q9Y285|SYFA_HUMAN
B,K,-0.0001,0.0002,-0.0001,-0.0,True,sp|Q9Y285|SYFA_HUMAN
A,B,-0.0,0.009,-0.0,-0.0,True,sp|Q9Y2H6|FND3A_HUMAN
A,K,-0.0,0.0031,-0.0,-0.0,True,sp|Q9Y2H6|FND3A_HUMAN
B,K,-0.0,0.922,-0.0,0.0,False,sp|Q9Y2H6|FND3A_HUMAN
A,B,-0.0001,0.001,-0.0002,-0.0,True,sp|Q9Y2R5|RT17_HUMAN
A,K,0.0,0.9985,-0.0001,0.0001,False,sp|Q9Y2R5|RT17_HUMAN
B,K,0.0001,0.001,0.0,0.0002,True,sp|Q9Y2R5|RT17_HUMAN
A,B,-0.0,0.0005,-0.0,-0.0,True,sp|Q9Y303|NAGA_HUMAN
A,K,-0.0,0.0009,-0.0,-0.0,True,sp|Q9Y303|NAGA_HUMAN
B,K,0.0,0.0753,-0.0,0.0,False,sp|Q9Y303|NAGA_HUMAN
A,B,0.0001,0.0001,0.0,0.0001,True,sp|Q9Y3E1|HDGR3_HUMAN
A,K,0.0001,0.0085,0.0,0.0001,True,sp|Q9Y3E1|HDGR3_HUMAN
B,K,-0.0,0.1379,-0.0001,0.0,False,sp|Q9Y3E1|HDGR3_HUMAN
A,B,-0.0002,0.0008,-0.0003,-0.0001,True,sp|Q9Y3Z3|SAMH1_HUMAN
A,K,-0.0002,0.0001,-0.0003,-0.0001,True,sp|Q9Y3Z3|SAMH1_HUMAN
B,K,-0.0,0.6683,-0.0001,0.0001,False,sp|Q9Y3Z3|SAMH1_HUMAN
A,B,-0.0001,0.0001,-0.0001,-0.0,True,sp|Q9Y4W6|AFG32_HUMAN
A,K,-0.0,0.0079,-0.0001,-0.0,True,sp|Q9Y4W6|AFG32_HUMAN
B,K,0.0,0.2733,-0.0,0.0,False,sp|Q9Y4W6|AFG32_HUMAN
A,B,-0.0,0.0039,-0.0001,-0.0,True,sp|Q9Y508|RN114_HUMAN
A,K,-0.0,0.0145,-0.0001,-0.0,True,sp|Q9Y508|RN114_HUMAN
B,K,-0.0,0.9935,-0.0,0.0,False,sp|Q9Y508|RN114_HUMAN
A,B,-0.0,0.9424,-0.0001,0.0001,False,sp|Q9Y6B6|SAR1B_HUMAN
A,K,-0.0001,0.0009,-0.0002,-0.0001,True,sp|Q9Y6B6|SAR1B_HUMAN
B,K,-0.0001,0.0024,-0.0002,-0.0,True,sp|Q9Y6B6|SAR1B_HUMAN
A,B,-0.0001,0.0,-0.0001,-0.0,True,sp|Q9Y6C2|EMIL1_HUMAN
A,K,-0.0001,0.0,-0.0001,-0.0,True,sp|Q9Y6C2|EMIL1_HUMAN
B,K,-0.0,0.799,-0.0,0.0,False,sp|Q9Y6C2|EMIL1_HUMAN
A,B,-0.0001,0.0002,-0.0001,-0.0,True,sp|Q9Y6M5|ZNT1_HUMAN
A,K,-0.0001,0.0,-0.0001,-0.0,True,sp|Q9Y6M5|ZNT1_HUMAN
B,K,-0.0,0.7647,-0.0,0.0,False,sp|Q9Y6M5|ZNT1_HUMAN
